mean_x,var_x,mean_y,var_y,mean_z,var_z,skewness_z,mean_predict,var_predict,skewness_predict
0.41153,0.64581,0.79549,0.57311,1.07033,0.41851,0.13654,1.0581064,0.4224843,0.13913655
0.22815,0.09288,0.0925,0.75739,0.53216,0.25261,1.099,0.52415174,0.24551716,1.0787572
0.31507,0.82249,0.24127,0.0128,0.64397,0.31125,1.44635,0.6168248,0.27459148,1.5397058
0.811,0.67099,0.45763,0.16349,1.02568,0.3717,0.65298,1.0202955,0.36491477,0.65120834
0.42655,0.3895,0.28307,0.97587,0.82448,0.43859,0.37562,0.81915426,0.44178903,0.38323897
0.02524,0.84219,0.44471,0.90071,0.78802,0.61688,0.16203,0.7798343,0.614489,0.16901284
0.81993,0.77544,0.83746,0.71239,1.31536,0.50679,0.13899,1.318643,0.51294994,0.14247978
0.73731,0.44907,0.51928,0.66365,1.05808,0.36596,0.155,1.0575356,0.35931042,0.15473346
