Neurons,Activation function,Number of EPOCHs,Optimization algorithm,learning rate,Error rate of mean,Error rate of variance,Error rate of skewness
"[4, 6, 8, 16, 8, 3]",tanh,1000,Adam,0.001,0.04376371204853058,0.3086749315261841,0.04376371204853058
"[4, 6, 8, 16, 8, 3]",tanh,1000,Adam,0.005,0.03112434409558773,0.23076751828193665,0.03112434409558773
"[4, 6, 8, 16, 8, 3]",tanh,5000,Adam,0.001,0.018396688625216484,0.12346547096967697,0.018396688625216484
"[4, 6, 8, 16, 8, 3]",tanh,5000,Adam,0.005,0.010130002163350582,0.07706482708454132,0.010130002163350582
"[4, 6, 8, 16, 8, 3]",tanh,10000,Adam,0.001,0.008788591250777245,0.06717246025800705,0.008788591250777245
"[4, 6, 8, 16, 8, 3]",tanh,10000,Adam,0.005,0.012346653267741203,0.10252226144075394,0.012346653267741203
